"patient_id","age","sex","hours_since_onset","troponin_ng_L","mi_confirmed"
"P001",65,"M",1.2,8.1,0
"P002",57,"F",1.7,7.9,0
"P003",55,"M",3.8,4.7,0
"P004",75,"M",2.6,18.5,0
"P005",74,"M",5.8,4.8,0
"P006",71,"F",6.8,5.1,0
"P007",62,"M",3.2,4.7,0
"P008",73,"F",2.2,171.4,1
"P009",42,"F",11,13.7,0
"P010",44,"F",11.3,14.2,0
"P011",77,"M",7,2.1,0
"P012",56,"F",5.7,6.8,0
"P013",66,"M",2.8,21.5,0
"P014",86,"F",3.1,25.6,0
"P015",57,"F",4,2,0
"P016",48,"M",6.5,1.6,0
"P017",25,"M",2.1,3.2,0
"P018",60,"F",7.9,3.2,0
"P019",60,"M",4.1,15.7,0
"P020",74,"F",8.8,12.7,0
"P021",55,"F",10.4,34.2,0
"P022",58,"F",7.7,10.4,0
"P023",60,"M",2.5,7,0
"P024",66,"M",1,30.3,0
"P025",70,"F",8.9,16.1,0
"P026",53,"F",6.2,15.3,0
"P027",66,"F",5.1,20.2,0
"P028",67,"F",10.3,7.7,0
"P029",63,"M",1.1,11.9,0
"P030",80,"M",4.3,20.3,0
"P031",39,"F",3,11.4,1
"P032",70,"M",11,9.1,0
"P033",78,"M",1.1,4.7,0
"P034",46,"F",8.7,4.6,0
"P035",64,"F",11.7,5,0
"P036",49,"M",3.8,11.8,0
"P037",57,"F",7.4,8.9,0
"P038",62,"M",5.7,3.9,0
"P039",60,"F",6.9,14,0
"P040",87,"F",2.2,13,0
"P041",61,"M",6.3,12.9,0
"P042",44,"F",11,64.8,1
"P043",52,"M",7.4,22.5,0
"P044",58,"F",7,5.4,0
"P045",56,"F",4.9,5.8,0
"P046",70,"M",6.9,15.7,0
"P047",53,"M",4.5,77.6,1
"P048",69,"F",3.8,20.7,0
"P049",58,"F",2.7,8.9,0
"P050",47,"F",5.3,14.2,0
"P051",61,"M",5.4,114.7,1
"P052",54,"M",11.4,5.3,0
"P053",62,"M",5.8,185.3,1
"P054",83,"F",0.7,28.6,1
"P055",61,"M",2.4,2.6,0
"P056",60,"F",7.2,8.2,0
"P057",43,"M",6.9,10.5,0
"P058",65,"F",8,5.4,0
"P059",60,"M",1.6,23.1,1
"P060",81,"M",0.7,5.5,0
"P061",37,"M",7.4,20.9,0
"P062",51,"M",7,10.2,1
"P063",55,"F",5.9,1.9,0
"P064",63,"M",1.8,3.4,0
"P065",54,"F",9.9,20.2,0
"P066",65,"M",2.3,17.7,0
"P067",94,"M",6.3,4.8,0
"P068",57,"M",10.6,9.3,0
"P069",63,"M",8.6,14.4,0
"P070",52,"M",1.9,13,0
"P071",76,"M",11.1,73.6,1
"P072",46,"F",7.5,10.5,0
"P073",56,"F",7.7,11.5,0
"P074",65,"F",2.5,3.1,0
"P075",73,"M",9.8,44.1,0
"P076",65,"M",2.3,7.9,0
"P077",70,"M",4.7,13.1,0
"P078",44,"F",5.5,3.3,0
"P079",55,"F",3.9,6.9,0
"P080",61,"M",1.5,87.1,1
"P081",76,"M",5,10.1,0
"P082",62,"F",10.3,60.1,1
"P083",59,"F",2.5,3.4,0
"P084",63,"F",7.4,71.5,1
"P085",48,"M",7.1,6.2,0
"P086",44,"F",11.2,14.2,1
"P087",68,"M",7.4,14.4,0
"P088",50,"F",4.4,50,1
"P089",66,"F",2.3,5.2,0
"P090",45,"F",6.5,11.1,0
"P091",52,"F",6,12.3,1
"P092",63,"M",2.6,42.9,0
"P093",47,"M",8,1.5,0
"P094",60,"M",6.9,11.5,0
"P095",65,"F",3.7,7.6,0
"P096",83,"M",2.4,3.7,0
"P097",53,"F",2.2,11.6,0
"P098",68,"M",9.4,6.7,0
"P099",71,"M",6.8,28.3,0
"P100",92,"F",6,3.9,0
"P101",85,"F",1.5,24.6,0
"P102",74,"F",9.7,13.7,0
"P103",79,"M",10.8,4.1,0
"P104",57,"F",2.6,7.8,0
"P105",76,"M",5.7,4.6,0
"P106",54,"M",5,2,0
"P107",71,"F",2.3,37.8,0
"P108",64,"F",8.4,29.3,0
"P109",55,"F",4.2,10,0
"P110",67,"F",1,3.1,0
"P111",73,"M",9.4,13.3,0
"P112",70,"M",10.4,23.6,1
"P113",48,"F",4.9,14.1,0
"P114",41,"F",10,17.3,0
"P115",59,"F",5.8,10.4,0
"P116",46,"F",9.5,8.6,0
"P117",62,"M",8.9,20.2,0
"P118",62,"M",9.2,20.1,0
"P119",55,"M",10,12.4,0
"P120",40,"F",5.3,8.2,0
"P121",56,"F",4.4,18.2,0
"P122",56,"M",10.5,10.5,0
"P123",40,"F",8.5,26.7,0
"P124",70,"M",1.8,3.4,0
"P125",60,"F",6.1,8.5,0
"P126",63,"M",11.2,20.6,0
"P127",70,"M",7.3,5.4,0
"P128",77,"M",3.6,2.5,0
"P129",45,"F",7.6,13.8,0
"P130",92,"F",7.5,5.8,0
"P131",53,"F",8.4,6.3,0
"P132",63,"F",0.8,16.1,0
"P133",69,"M",7.2,44.1,0
"P134",56,"M",8.2,9.3,0
"P135",77,"M",4.5,100.5,1
"P136",58,"M",8.6,1.8,0
"P137",59,"F",7.8,9.7,0
"P138",93,"F",7.4,2.4,0
"P139",63,"F",7.1,2.5,0
"P140",68,"F",6.7,26,0
"P141",34,"M",8.1,15.2,0
"P142",64,"M",2.2,13.9,0
"P143",62,"M",4.9,6,0
"P144",42,"F",6,3.5,0
"P145",59,"F",7.6,68.2,1
"P146",50,"F",5.9,3.9,0
"P147",50,"M",4.8,55.4,0
"P148",61,"M",4.5,9.6,0
"P149",63,"M",7.2,11.4,0
"P150",65,"F",0.8,2.8,0
"P151",79,"M",2.8,13.3,0
"P152",55,"F",3.5,21.1,0
"P153",62,"F",11.7,62.4,1
"P154",65,"F",10.4,9.4,0
"P155",72,"M",6.9,29.2,0
"P156",47,"M",7.6,15.5,0
"P157",63,"M",5.8,14.5,0
"P158",64,"F",5.4,20.1,0
"P159",45,"M",1.7,11.7,0
"P160",45,"F",3.8,95.3,0
"P161",78,"M",5.9,11.7,0
"P162",72,"F",8.4,20.2,0
"P163",54,"M",7.2,98.2,1
"P164",65,"F",10.7,15.5,0
"P165",60,"M",7.5,19.9,0
"P166",52,"M",5.9,11.7,0
"P167",73,"F",5.9,2.1,0
"P168",53,"M",0.8,5,0
"P169",64,"F",5.7,52.3,0
"P170",70,"F",2.4,38.1,0
"P171",77,"F",8.1,8.3,0
"P172",53,"F",8.7,1.4,0
"P173",79,"F",9.8,5.1,0
"P174",89,"M",1.5,2.9,0
"P175",64,"F",3.5,2.6,0
"P176",51,"M",2.1,18.4,0
"P177",52,"F",5.3,54.3,1
"P178",55,"F",9.9,145.3,1
"P179",69,"M",2.3,18.3,1
"P180",80,"F",3,4.3,0
"P181",62,"M",4.1,14.6,0
"P182",51,"F",3.9,21.5,0
"P183",55,"M",1.9,43.4,1
"P184",77,"M",2.7,4.4,0
"P185",43,"F",3.4,36.2,0
"P186",62,"F",2.6,31.9,0
"P187",54,"F",10.3,19.9,0
"P188",73,"M",1.8,16.6,0
"P189",66,"M",9.9,3.7,0
"P190",58,"M",4.4,2,0
"P191",39,"F",4,44.4,0
"P192",65,"M",3,11.3,0
"P193",47,"F",7.3,4.9,0
"P194",55,"M",10.9,155,1
"P195",82,"M",7.3,5.7,0
"P196",85,"M",1.5,6.4,0
"P197",76,"F",11.8,12.6,0
"P198",64,"F",6.9,3.2,0
"P199",54,"M",1.7,6.2,0
"P200",68,"M",1.8,4.1,0
"P201",73,"M",4.9,119.2,1
"P202",73,"M",4.2,11.6,0
"P203",46,"F",7.4,7.3,0
"P204",47,"F",9.2,133.1,1
"P205",51,"M",3,8.7,0
"P206",67,"F",5.1,7.7,0
"P207",44,"F",6.1,10,0
"P208",73,"M",1.3,30.5,1
"P209",43,"M",2.4,9.4,0
"P210",67,"M",3.4,18.1,0
"P211",61,"F",5.4,10.5,0
"P212",63,"M",5.8,30.5,0
"P213",87,"M",10.1,5.8,0
"P214",61,"F",11.4,7.2,0
"P215",62,"M",6.2,134.6,1
"P216",58,"M",8.6,3.7,0
"P217",72,"F",6.6,3.1,0
"P218",80,"M",4.7,14.6,0
"P219",49,"M",5.8,6.6,0
"P220",65,"F",11.3,4.3,0
"P221",41,"M",2.5,4.5,0
"P222",82,"F",8.9,16.4,0
"P223",68,"M",0.6,5.4,0
"P224",82,"F",10.5,8.7,0
"P225",56,"F",7.8,5,0
"P226",66,"F",10.8,68.4,1
"P227",78,"M",2.5,5.5,0
"P228",69,"M",8.1,12.6,0
"P229",74,"F",0.5,6,0
"P230",79,"F",2.1,36.3,0
"P231",58,"M",5.4,12.2,0
"P232",64,"M",5.3,2.2,0
"P233",63,"M",2.1,25.3,0
"P234",56,"F",10,8.5,0
"P235",35,"F",6.3,58.6,1
"P236",55,"M",2.3,25.6,0
"P237",82,"F",4.7,67,1
"P238",92,"F",1.7,61.6,0
"P239",49,"F",6.7,6.1,0
"P240",54,"M",7.8,64.3,1
"P241",35,"F",10.2,70.6,1
"P242",66,"M",7,16.3,0
"P243",55,"M",2.3,92.2,1
"P244",46,"M",3.2,13.6,0
"P245",58,"M",9.2,3.6,0
"P246",49,"M",6.7,6.6,0
"P247",74,"M",5.6,9.5,0
"P248",68,"F",10.5,6.2,0
"P249",63,"M",3.5,11.5,0
"P250",74,"F",6.8,5,0
"P251",69,"M",3.4,17.8,0
"P252",31,"M",3.7,10.5,0
"P253",66,"M",4,13.6,0
"P254",69,"M",6.7,7.6,0
"P255",66,"M",3.6,5.4,0
"P256",54,"F",6.2,27,0
"P257",64,"M",1.6,4.7,0
"P258",60,"M",6.7,27.1,1
"P259",47,"M",3.7,5.4,0
"P260",88,"M",6.3,35.4,0
"P261",42,"M",8.3,8.3,0
"P262",53,"M",7.7,20.8,0
"P263",77,"M",4.7,22.9,1
"P264",41,"M",9.7,6.6,0
"P265",71,"F",3.1,8,0
"P266",58,"F",3.6,14.8,0
"P267",57,"M",8.3,7.2,0
"P268",37,"F",3,15.2,0
"P269",53,"M",2.6,9.8,0
"P270",67,"F",10.2,10.3,0
"P271",57,"M",3.2,44.3,0
"P272",78,"M",9.3,5.4,0
"P273",63,"M",7.4,18.8,0
"P274",62,"M",6.9,20.6,0
"P275",61,"F",4,31.5,0
"P276",67,"M",4.8,11.5,0
"P277",79,"F",6.6,10.9,0
"P278",73,"M",7.5,10.1,0
"P279",73,"M",2,15.4,0
"P280",82,"F",2,14.3,0
"P281",56,"M",3.5,7.3,0
"P282",61,"M",7.1,17.5,0
"P283",86,"M",10.1,14.1,0
"P284",56,"F",1.7,15.3,0
"P285",71,"M",5.6,74.5,0
"P286",66,"M",8.7,11.1,0
"P287",89,"M",9.6,6.1,0
"P288",83,"F",9.1,12.4,0
"P289",65,"F",2.2,40.5,1
"P290",70,"F",4.8,5.1,0
"P291",25,"F",2.4,6.8,0
"P292",61,"M",7.6,53.7,1
"P293",71,"M",5.9,18.7,0
"P294",94,"F",4.2,64.6,1
"P295",64,"F",9.8,4.9,0
"P296",70,"M",4.7,8,0
"P297",63,"F",2.7,2.9,0
"P298",46,"F",7.9,7.8,0
"P299",63,"F",3.8,3.4,0
"P300",70,"F",11.2,3.2,0
"P301",66,"F",9.6,18.6,0
"P302",72,"F",9.3,7.9,0
"P303",62,"F",8.4,9,0
"P304",56,"F",3.3,13.2,0
"P305",75,"M",5.3,6.4,0
"P306",45,"F",5.7,7.7,0
"P307",72,"F",5.7,5.9,0
"P308",64,"M",3.8,6.9,0
"P309",28,"M",9.3,4.1,0
"P310",55,"F",9.4,16.3,0
"P311",79,"M",11.6,78.6,1
"P312",35,"M",7.2,5,0
"P313",81,"F",6.7,34.3,0
"P314",81,"F",8.2,7.5,0
"P315",77,"F",8.5,7.2,0
"P316",61,"M",1.5,2.9,0
"P317",55,"F",6.9,9.3,0
"P318",42,"F",7.2,4.6,0
"P319",61,"F",8.4,11.7,0
"P320",59,"M",6.8,10.4,0
"P321",87,"M",8.8,94.1,1
"P322",65,"F",7.7,5.4,0
"P323",55,"F",6.8,2.6,0
"P324",75,"M",10.6,66.2,1
"P325",73,"M",8,12.6,0
"P326",56,"M",5.7,23.6,0
"P327",68,"F",8.5,8,0
"P328",54,"F",10.5,13.1,0
"P329",53,"F",11,12.7,0
"P330",50,"M",6.3,6.3,0
"P331",57,"F",10.5,2.8,0
"P332",49,"F",2,5.4,0
"P333",73,"M",1,10.1,0
"P334",71,"M",3.6,10,0
"P335",60,"F",3.7,3.2,0
"P336",83,"M",9.6,8.4,0
"P337",69,"M",11.9,3.9,0
"P338",71,"M",10.5,15.8,0
"P339",57,"M",9.7,9.6,0
"P340",80,"F",1.7,6.2,0
"P341",64,"F",0.9,14.3,0
"P342",56,"M",2.9,4.7,0
"P343",74,"M",7.7,21.6,0
"P344",52,"F",5.3,5.1,0
"P345",48,"M",5.3,2.3,0
"P346",79,"F",11.4,4.5,0
"P347",75,"F",11.1,6.9,0
"P348",76,"M",8,7.9,0
"P349",71,"F",3.7,5,0
"P350",65,"M",1.5,6.7,0
"P351",50,"F",4.4,11.1,0
"P352",55,"F",5.5,60,1
"P353",59,"F",11.3,9.8,0
"P354",74,"F",3.4,4.5,0
"P355",60,"M",3.4,10.6,0
"P356",71,"M",10,141.5,1
"P357",70,"F",3.9,26.9,1
"P358",57,"M",10.2,38.1,0
"P359",45,"M",2.1,17.3,0
"P360",60,"M",3.5,3.5,0
"P361",57,"M",2.5,4.4,0
"P362",41,"M",10.9,7.2,0
"P363",57,"M",1.6,49.3,1
"P364",79,"F",12,4.6,0
"P365",53,"M",8.2,5.5,0
"P366",53,"F",10.9,12,0
"P367",85,"F",4.1,11.1,0
"P368",63,"M",0.6,28,1
"P369",41,"F",10.3,6.3,0
"P370",46,"M",8.2,24.9,1
"P371",90,"F",4.4,1.3,0
"P372",77,"M",3.2,5.8,0
"P373",60,"F",6.4,30.6,1
"P374",37,"M",10,8.3,0
"P375",37,"M",3.2,4.3,0
"P376",44,"M",10.1,12.9,0
"P377",44,"M",8.3,3.1,0
"P378",58,"M",2.4,30.7,0
"P379",78,"F",11.3,3.9,0
"P380",56,"F",7.2,12.5,0
"P381",52,"F",7.5,37.5,0
"P382",46,"F",2.8,29.2,1
"P383",46,"M",9.5,6.8,0
"P384",57,"F",10.7,5.4,0
"P385",45,"M",6,53.3,1
"P386",84,"F",4.5,13.7,0
"P387",58,"M",6.3,2.9,0
"P388",75,"M",7.6,4.2,0
"P389",53,"M",2.9,3.2,0
"P390",63,"M",9.9,12.5,0
"P391",49,"M",2.4,65.2,1
"P392",52,"F",6,5.3,0
"P393",56,"M",1.1,4.2,0
"P394",60,"M",10.3,2.6,0
"P395",64,"F",2.6,15.1,0
"P396",64,"M",4.7,5.1,0
"P397",72,"M",8.9,15.4,0
"P398",52,"F",7.2,40.3,0
"P399",75,"M",8.5,24.8,0
"P400",69,"F",3.6,4.9,0
"P401",42,"M",7.2,21.2,0
"P402",45,"F",3.9,5.5,0
"P403",82,"M",7,11.2,0
"P404",64,"F",4.9,10.2,0
"P405",58,"M",6.6,13.6,0
"P406",65,"M",5.8,9.1,0
"P407",45,"M",2.9,11.2,0
"P408",59,"F",9.5,14.5,0
"P409",71,"M",3.6,1.8,0
"P410",55,"F",10.8,7.4,0
"P411",53,"F",8.9,65.7,1
"P412",52,"M",2.1,10.5,0
"P413",80,"F",4.8,9.9,0
"P414",68,"M",11.8,33,0
"P415",43,"M",7.3,8.2,0
"P416",53,"M",7.6,9.7,0
"P417",36,"M",4,8.2,0
"P418",62,"M",1.5,52.5,0
"P419",65,"F",1.3,31,1
"P420",58,"F",2.8,20.5,0
"P421",47,"F",10.3,21.2,0
"P422",39,"M",3.8,5.2,0
"P423",55,"M",5.8,22.8,0
"P424",32,"F",4.7,14,0
"P425",75,"M",5,19.2,0
"P426",53,"F",10.6,2.4,0
"P427",27,"M",8.1,5.1,0
"P428",75,"M",2.3,6.8,0
"P429",66,"F",11.8,10.4,0
"P430",26,"M",11.6,8.6,0
"P431",58,"F",6.4,8.1,0
"P432",48,"F",12,14.1,0
"P433",79,"F",11.1,17.9,0
"P434",87,"F",6.4,31.5,0
"P435",64,"M",9.7,14.2,0
"P436",75,"F",2.5,3.8,0
"P437",81,"F",4,3.2,0
"P438",56,"F",1.3,24.5,0
"P439",68,"F",9,36.8,1
"P440",59,"M",3.6,11.8,0
"P441",54,"F",7,12.2,0
"P442",67,"M",1.5,14.9,0
"P443",58,"M",9.7,6.6,0
"P444",73,"F",3.3,7.1,0
"P445",57,"F",9.1,12.5,0
"P446",49,"M",5.5,5,0
"P447",69,"M",4.5,7.6,0
"P448",73,"M",8.7,5.8,0
"P449",42,"F",1.3,4,0
"P450",44,"M",6.7,10.2,0
"P451",63,"M",8.2,69.3,1
"P452",64,"M",9.7,9.7,0
"P453",54,"F",7.4,11.6,0
"P454",81,"M",2,8.4,0
"P455",41,"M",3.8,7.9,0
"P456",43,"F",7.7,2.8,0
"P457",57,"F",8.8,22.4,0
"P458",64,"M",5.3,26.9,0
"P459",47,"M",5.2,17.3,0
"P460",75,"M",5.4,14,0
"P461",58,"F",11.3,9.6,0
"P462",47,"M",10.4,6.7,0
"P463",49,"M",6.9,10.4,0
"P464",50,"M",2,6,0
"P465",67,"F",4.5,15.3,0
"P466",48,"M",5.9,12.2,0
"P467",62,"M",10.9,9.1,0
"P468",45,"M",5.6,7.5,0
"P469",62,"M",0.6,11.3,0
"P470",64,"F",8.1,15.5,0
"P471",78,"M",5.5,26.1,0
"P472",61,"F",4.1,3.2,0
"P473",72,"F",9.7,5.8,0
"P474",39,"M",10.8,32.5,0
"P475",66,"F",6.4,8,0
"P476",62,"F",5.6,164.6,1
"P477",79,"M",6.3,5,0
"P478",43,"M",0.6,21.9,0
"P479",72,"M",9,25.9,1
"P480",57,"M",5.9,4.7,0
"P481",62,"F",1.6,11.3,0
"P482",62,"F",8.6,7.3,0
"P483",65,"F",4.1,3.9,0
"P484",54,"M",9,3.9,0
"P485",66,"M",4.4,62.2,1
"P486",67,"F",3.1,21.9,1
"P487",59,"M",4.6,19.3,0
"P488",57,"M",8.1,23.8,0
"P489",88,"F",10,3.7,0
"P490",47,"M",10.8,2.4,0
"P491",59,"F",4,1.7,0
"P492",70,"M",10,16.2,0
"P493",64,"M",5.4,4,0
"P494",79,"M",8.9,19.3,0
"P495",68,"F",3,7.7,0
"P496",71,"M",6,3.3,0
"P497",74,"M",1.1,25.6,1
"P498",42,"F",11.9,51.2,1
"P499",61,"F",11.6,41,0
"P500",70,"F",8.5,65.3,1
"P501",83,"F",8.9,2.7,0
"P502",37,"M",0.9,6.2,0
"P503",49,"F",5,3.7,0
"P504",75,"M",10.1,4,0
"P505",75,"F",8.3,15.8,0
"P506",55,"M",3.1,6.5,0
"P507",41,"M",6.5,20.2,0
"P508",49,"F",3,10.8,0
"P509",81,"M",4.4,51.3,1
"P510",33,"M",0.8,31.2,0
"P511",58,"M",2.5,6.1,0
"P512",69,"F",1.3,11.5,0
"P513",60,"M",4.3,117,0
"P514",61,"M",2,6.9,0
"P515",83,"F",1.3,188.8,1
"P516",57,"F",2.8,2.7,0
"P517",65,"M",1,11.1,0
"P518",56,"M",0.7,6,0
"P519",69,"F",1.1,2.9,0
"P520",57,"F",1.3,5.7,0
"P521",66,"F",2.8,51.6,0
"P522",61,"M",2.1,42.8,1
"P523",93,"M",5.7,5.9,0
"P524",84,"M",4.3,19.9,0
"P525",54,"F",2.2,5.4,0
"P526",55,"M",4,10.8,0
"P527",44,"F",10.1,11.1,0
"P528",48,"F",4.9,6.6,0
"P529",36,"F",3.7,6.8,0
"P530",70,"F",0.9,31.5,0
"P531",49,"F",3.1,8,0
"P532",60,"M",0.7,46.1,0
"P533",85,"F",6.8,7.7,0
"P534",71,"M",3.7,7.5,0
"P535",45,"F",5.9,31.2,1
"P536",51,"M",4.3,1,0
"P537",38,"M",2.1,2.2,0
"P538",46,"M",3.2,8.4,0
"P539",81,"F",10.5,5.2,0
"P540",68,"M",5,29.1,0
"P541",44,"M",6.5,11.6,0
"P542",70,"M",8.4,6.2,0
"P543",72,"M",10.4,19.6,0
"P544",48,"F",4.4,5.2,0
"P545",60,"M",8.7,10.2,0
"P546",63,"F",8.5,14.6,0
"P547",66,"M",9.7,9.3,0
"P548",72,"M",7.9,7.6,0
"P549",69,"M",2.1,7.4,0
"P550",63,"M",11.1,6.8,0
"P551",96,"M",3.2,27.1,0
"P552",61,"M",11.8,9.1,0
"P553",39,"M",4.9,4.5,0
"P554",50,"F",1.6,6.1,0
"P555",57,"F",1.3,4.2,0
"P556",73,"M",11.1,12.5,0
"P557",43,"F",8.4,7.3,0
"P558",44,"M",6,61.2,1
"P559",58,"M",7.7,11.4,0
"P560",70,"F",10.5,0.9,0
"P561",72,"F",6.3,4.7,0
"P562",58,"F",9.6,45.4,0
"P563",50,"F",1.2,57.4,1
"P564",91,"F",8.8,8.1,0
"P565",68,"F",4.1,13.4,0
"P566",63,"M",11.5,13.8,0
"P567",70,"M",8.8,3.4,0
"P568",52,"M",10.2,9.1,0
"P569",65,"F",3.6,15.6,0
"P570",68,"M",9.3,10.7,0
"P571",53,"M",5.9,7.5,0
"P572",59,"M",10,7.7,0
"P573",69,"M",6.8,4.1,0
"P574",42,"M",7.4,7.1,0
"P575",77,"M",10.6,12.2,0
"P576",60,"F",11.4,5.5,0
"P577",54,"M",6.4,50.5,1
"P578",52,"F",9.6,10.9,0
"P579",82,"M",4.6,18.4,0
"P580",57,"F",3.4,2.7,0
"P581",63,"M",8,54.4,1
"P582",54,"F",4.1,19.1,0
"P583",50,"M",2.5,11.5,0
"P584",70,"F",4.5,2.2,0
"P585",61,"M",0.5,46,1
"P586",64,"F",5.8,23.6,0
"P587",53,"M",5.9,4.3,0
"P588",75,"M",1.9,10.1,0
"P589",69,"M",2.9,5.2,0
"P590",67,"F",5.8,19.8,0
"P591",68,"M",3,118,1
"P592",78,"M",4.1,11.3,0
"P593",72,"F",11.1,13.1,0
"P594",55,"F",1.7,8.3,0
"P595",67,"M",8.7,46.3,0
"P596",62,"M",11,19.4,0
"P597",85,"F",9.8,3.3,0
"P598",45,"F",11.5,17.6,1
"P599",65,"F",11.3,8.9,0
"P600",52,"M",3.6,38.4,1
